pollster,start_date,end_date,TS-LKD,LVZS,LSDP,DP,TT/LT,LRLS,LLRA-KSS,CP/TTS,LP,LCS/LLS,LSDDP/LRP,LZP,LS,DK,VL,NA.,NS,none,sample_size
Spinter,2007-12-10,2007-12-20,0.133,0.057,0.122,0.107,0.138,0.026,,,0,0.054,0,,,,0,0,0,,1000
Spinter,2008-01-08,2008-01-15,0.145,0.061,0.125,0.093,0.115,0.023,,,0,0.054,0,,,,0,0,0,0.286,1003
Vilmorus,2008-02-10,2008-02-20,0.13,0.068,0.11,0.082,0.166,,0.006,,0,0.033,0,,,,0,0,0,0.273,1000
Vilmorus,2008-03-10,2008-03-20,0.15,0.064,0.08,0.09,0.173,,0.016,,0,0.035,0,,,,0,0,0,0.277,1000
Baltijos tyrimai,2008-03-20,2008-04-10,0.133,0.045,0.142,0.057,0.093,0.042,0.017,,0,0.039,0,,,,0,0,0,0.28,1000
RAIT,2008-04-04,2008-04-10,0.065,,0.059,0.097,0.069,,,,0,,0,,,,0,0,0,0.28,1040
Vilmorus,2008-04-10,2008-04-20,0.114,0.067,0.119,0.087,0.152,,,,0,,0,,,,0,0,0,,1000
Baltijos tyrimai,2008-04-25,2008-05-08,0.122,0.05,0.133,0.066,0.103,0.042,0.02,,0,0.033,0,,,,0,0,0,0.285,1000
Vilmorus,2008-05-15,2008-05-18,0.121,0.058,0.086,0.1,0.145,0.043,0.009,,0,0.032,0,,,,0,0,0,0.335,1000
Vilmorus,2008-06-01,2008-06-10,0.151,0.056,0.097,0.102,0.132,,,,0,,0,,,,0,0,0,,1000
Baltijos tyrimai,2008-06-27,2008-07-09,0.151,0.044,0.11,0.08,0.105,0.03,0.018,,0,0.052,0,,,,0,0,0,0.226,1000
Vilmorus,2008-07-10,2008-07-13,0.147,0.064,0.101,0.115,0.138,,,,0,,0,,,,0,0,0,,1000
Baltijos tyrimai,2008-08-13,2008-08-21,0.122,0.049,0.124,0.087,0.095,0.022,0.015,,0,0.05,0,,,,0,0,0,0.237,1000
Vilmorus,2008-09-20,2008-09-30,0.124,0.048,0.072,0.087,0.114,0.023,,,0,0.031,0,,,,0,0,0,,1000
Baltijos tyrimai,2008-09-19,2008-09-25,0.13,0.04,0.11,0.1,0.1,0.03,0.02,,0,0.05,0,,,,0,0,0,0.22,1000
VRK,2008-10-12,2008-10-12,0.0904357792210201,0.0171218319863209,0.0537407875849842,0.0412259976484465,0.0581497650300991,0.0262832472209756,0.0219714475406978,0.00321539711211421,0,0.0245088257439477,0,,,,0,0,0,0.514124157576342,2696090
Spinter,2011-08-10,2011-08-18,0.094,0.03,0.142,0.094,0.097,0.046,,,0,0.022,0,,,,0,0,0,0.452,1005
Spinter,2011-09-23,2011-09-30,0.072,0.021,0.145,0.102,0.088,0.047,,,0,0.046,0,,,,0,0,0,0.44,1000
Vilmorus,2011-10-07,2011-10-17,0.099,0.038,0.159,0.133,0.097,0.042,,,0,,0,,,,0,0,0,,1000
Spinter,2011-10-20,2011-10-30,0.07,0.03,0.17,0.102,0.094,0.03,,,0,0.026,0,,,,0,0,0,0.437,1000
Vilmorus,2011-11-11,2011-11-20,0.093,0.028,0.142,0.12,0.083,0.05,,,0,,0,,,,0,0,0,,1000
Spinter,2011-11-20,2011-11-30,0.079,0.03,0.159,0.101,0.09,0.04,,,0,0.019,0,,,,0,0,0,,1000
Vilmorus,2011-12-02,2011-12-13,0.072,0.029,0.158,0.116,0.092,0.044,,,0,,0,,,,0,0,0,,1000
Baltijos tyrimai,2011-12-20,2011-12-30,0.051,0.03,0.183,0.193,0.077,0.067,,,0,0.055,0,,,,0,0,0,0.23,1000
Spinter,2011-12-20,2011-12-30,0.061,0.021,0.161,0.125,0.09,0.042,,,0,0.025,0,,,,0,0,0,,1000
Vilmorus,2012-01-12,2012-01-24,0.09,0.024,0.161,0.136,,0.044,,,0,0.021,0,,,,0,0,0,0.316,1000
Baltijos tyrimai,2012-01-19,2012-01-27,0.071,,0.204,0.179,0.093,0.051,,,0,0.033,0,,,,0,0,0,,1004
Spinter,2012-01-21,2012-01-31,0.085,0.025,0.152,0.13,0.095,0.05,,,0,0.021,0,,,,0,0,0,,1000
Vilmorus,2012-02-09,2012-02-21,,,,0.111,,,,,0,,0,,,,0,0,0,,1000
Vilmorus,2012-03-08,2012-03-21,0.089,0.036,0.157,0.188,0.089,0.053,,,0,,0,,,,0,0,0,,1000
Spinter,2012-03-18,2012-03-30,0.082,0.042,0.12,0.148,0.09,0.072,,,0,0.013,0,,,,0,0,0,0.357,1000
Vilmorus,2012-04-13,2012-04-23,0.082,0.02,0.163,0.178,0.11,0.032,,,0,,0,,,,0,0,0,,1000
Spinter,2012-04-16,2012-04-23,0.077,0.024,0.141,0.126,0.104,0.058,,,0,0.011,0,,,,0,0,0,0.388,1000
Vilmorus,2012-05-03,2012-05-15,0.074,0.025,0.15,0.193,0.086,0.026,,,0,,0,,,,0,0,0,,1000
Spinter,2012-05-16,2012-05-26,0.072,0.02,0.136,0.123,0.093,0.057,,,0,0.013,0,,,,0,0,0,0.418,1006
Baltijos tyrimai,2012-05-20,2012-05-30,0.052,0.027,0.163,0.187,0.104,0.041,0.033,,0,0.043,0,,,,0,0,0,0.277,1000
Vilmorus,2012-06-01,2012-06-12,0.084,0.024,0.137,0.171,0.107,0.037,0.009,,0,0.009,0,,,,0,0,0,0.36,1000
Spinter,2012-06-15,2012-06-22,0.085,0.013,0.142,0.133,0.112,0.061,,,0,0.015,0,,,0.035,0,0,0,0.347,1008
Baltijos tyrimai,2012-06-13,2012-06-22,0.071,0.021,0.189,0.193,0.088,0.051,0.024,,0,0.033,0,,,0.009,0,0,0,0.221,1000
Vilmorus,2012-06-29,2012-07-09,0.075,0.031,0.13,0.176,0.089,0.029,,,0,,0,,,,0,0,0,0.369,1000
Spinter,2012-07-20,2012-07-30,0.094,0.032,0.179,0.169,0.094,0.052,0.017,,0,0.01,0,,,,0,0,0,0.31,1000
Baltijos tyrimai,2012-08-09,2012-08-19,0.06,0.02,0.2,0.19,0.06,0.06,0.03,,0,0.02,0,,,0.03,0,0,0,0.25,1000
Spinter,2012-08-26,2012-09-08,0.076,0.023,0.163,0.145,0.095,0.048,0.019,,0,0.022,0,,,0.037,0,0,0,0.324,1007
Vilmorus,2012-09-07,2012-09-16,0.074169,0.021105,0.141102,0.127233,0.083817,0.031959,0.009045,,0,0.016281,0,,,0.039195,0,0,0,0.397,1000
Baltijos tyrimai,2012-09-16,2012-09-28,0.08,0.03,0.18,0.17,0.06,0.08,0.04,,0,0.03,0,,,0.04,0,0,0,0.23,1000
Spinter,2012-09-15,2012-09-24,0.079,0.027,0.169,0.158,0.082,0.058,0.028,,0,0.026,0,,,0.039,0,0,0,0.28,1000
VRK,2012-10-14,2012-10-14,0.0798132295479324,0.0205303007474063,0.0972060926790032,0.104898049696765,0.0386799968165884,0.0453852507593441,0.0308450953439514,0.00496596762964869,0,0.0109190246706676,0,,,0.0422837424249097,0,0,0,0.470713771886921,2588418
Spinter,2013-03-15,2013-03-30,0.082,0.025,0.257,0.122,0.08,0.065,0.035,,0,,0,,,,0,0,0,0.334,1000
Spinter,2014-03-15,2014-03-30,0.082,0.02,0.256,0.087,0.116,0.06,0.037,,0,,0,,,,0,0,0,0.342,1000
Spinter,2014-12-15,2014-12-31,0.098,0.045,0.229,0.089,0.122,0.079,0.035,,0,0.03,0,0.016,,,0,0,0,0.242,1000
Vilmorus,2015-01-16,2015-01-23,0.081,0.047,0.185,0.081,0.092,0.087,,,0,,0,,,,0,0,0,0.427,1000
Spinter,2015-01-19,2015-01-27,0.095,0.047,0.212,0.09,0.123,0.095,0.038,,0,0.029,0,0.015,,,0,0,0,0.251,1005
Vilmorus,2015-02-13,2015-02-16,0.084,0.056,0.22,0.076,0.079,0.092,,,0,,0,,,,0,0,0,0.393,1000
Spinter,2015-02-16,2015-02-24,0.096,0.05,0.209,0.092,0.089,0.105,0.035,,0,0.03,0,0.013,,,0,0,0,0.271,1000
Vilmorus,2015-03-06,2015-03-15,0.093,0.043,0.215,0.061,0.069,0.127,,,0,,0,,,,0,0,0,0.392,1000
Spinter,2015-03-14,2015-03-22,0.093,0.047,0.208,0.062,0.083,0.146,0.043,,0,0.028,0,0.018,,,0,0,0,0.268,1011
Vilmorus,2015-04-10,2015-04-19,0.083,0.049,0.193,0.063,0.086,0.148,,,0,,0,,,,0,0,0,0.378,1000
Spinter,2015-04-17,2015-04-25,0.093,0.045,0.207,0.064,0.086,0.136,0.038,,0,0.022,0,0.025,,,0,0,0,0.274,1000
Vilmorus,2015-05-12,2015-05-17,0.095,0.043,0.185,0.073,0.062,0.12,0.034,,0,,0,0.019,,0.004,0,0,0,0.321,1000
Spinter,2015-05-15,2015-05-25,0.1,0.039,0.209,0.068,0.073,0.132,0.039,,0,0.012,0,0.019,,,0,0,0,0.3,1009
Vilmorus,2015-06-05,2015-06-14,0.099,0.046,0.199,0.06,0.06,0.14,0.036,,0,,0,0.03,,0.004,0,0,0,0.298,1000
Vilmorus,2015-07-02,2015-07-12,0.095,0.041,0.223,0.095,0.078,0.105,,,0,,0,,,,0,0,0,0.363,1000
Spinter,2015-08-22,2015-08-31,0.09,0.045,0.222,0.079,0.097,0.142,0.042,,0,0.013,0,0.013,,,0,0,0,0.237,1000
Vilmorus,2015-09-08,2015-09-17,0.108,0.05,0.234,0.084,0.085,0.094,,,0,,0,0.027,,0.002,0,0,0,0.316,1000
Vilmorus,2015-10-01,2015-10-10,0.102,0.047,0.229,0.057,0.07,0.106,0.024,,0,,0,0.021,,0.003,0,0,0,0.314,1000
Spinter,2015-10-16,2015-10-26,0.115,0.053,0.218,0.069,0.086,0.137,0.039,,0,,0,0.024,,,0,0,0,0.242,1000
Vilmorus,2015-11-05,2015-11-14,0.099,0.063,0.243,0.092,0.078,0.11,0.027,,0,,0,0.016,,0.001,0,0,0,0.244,1000
Spinter,2015-11-16,2015-11-23,0.106,0.056,0.224,0.07,0.091,0.146,0.035,,0,,0,0.02,,,0,0,0,0.229,1008
Spinter,2015-12-12,2015-12-18,0.095,0.055,0.23,0.07,0.085,0.135,0.04,,0,,0,0.018,,,0,0,0,0.242,1010
Vilmorus,2016-01-14,2016-01-22,0.091,0.059,0.207,0.077,0.077,0.096,0.036,,0,,0,0.014,,0.002,0,0,0,0.303,1000
Spinter,2016-01-20,2016-01-27,0.099,0.068,0.209,0.074,0.086,0.13,0.04,,0,,0,0.022,,,0,0,0,0.254,1004
Baltijos tyrimai,2016-01-16,2016-01-31,,,0.263,,,,,,0,,0,,,,0,0,0,,1000
Vilmorus,2016-02-11,2016-02-19,0.099,0.071,0.23,0.068,0.074,0.084,0.036,,0,,0,0.025,,0.007,0,0,0,0.274,1000
Spinter,2016-02-19,2016-02-27,0.105,0.066,0.196,0.07,0.074,0.142,0.048,,0,,0,0.02,,,0,0,0,0.263,1010
Baltijos tyrimai,2016-02-09,2016-02-28,,,0.211,,,0.136,,,0,,0,,,,0,0,0,,1000
Vilmorus,2016-03-08,2016-03-13,0.102,0.071,0.212,0.079,0.077,0.104,0.032,,0,,0,0.023,,0.003,0,0,0,0.274,1000
Spinter,2016-03-15,2016-03-25,0.106,0.082,0.188,0.059,0.09,0.15,0.045,,0,,0,0.01,,,0,0,0,0.23,1005
Vilmorus,2016-04-06,2016-04-15,0.08,0.111,0.157,0.077,0.084,0.096,0.025,,0,,0,0.018,,0.008,0,0,0,0.316,1000
Spinter,2016-04-19,2016-04-25,0.075,0.113,0.172,0.071,0.08,0.155,0.045,,0,,0,0.021,,,0,0,0,0.248,1007
Vilmorus,2016-05-05,2016-05-13,0.089,0.125,0.162,0.082,0.053,0.089,0.028,,0,,0,0.024,,,0,0,0,0.321,1000
Spinter,2016-05-19,2016-05-26,0.093,0.115,0.155,0.075,0.076,0.066,0.043,,0,,0,0.03,,,0,0,0,0.317,1009
Baltijos tyrimai,2016-05-15,2016-06-01,0.105,0.126,0.169,0.081,0.07,0.059,0.04,,0,0.025,0,0.008,,,0,0,0,0.317,1000
Vilmorus,2016-06-03,2016-06-10,0.109,0.13,0.162,0.082,0.063,0.036,0.029,,0,,0,0.026,,,0,0,0,0.33,1000
Spinter,2016-06-21,2016-06-29,0.105,0.122,0.168,0.076,0.075,0.063,0.043,,0,0.025,0,0.023,,,0,0,0,0.272,1002
Baltijos tyrimai,2016-06-15,2016-07-01,0.114,0.144,0.149,0.089,0.052,0.045,0.038,0.03,0,0.024,0,0.015,,,0,0,0,0.3,1000
Vilmorus,2016-07-01,2016-07-10,0.108,0.12,0.142,0.07,0.055,0.059,0.026,,0,,0,0.025,,,0,0,0,0.359,1000
Spinter,2016-07-19,2016-07-26,0.107,0.134,0.158,0.073,0.062,0.061,0.048,0.031,0,,0,0.023,,,0,0,0,0.281,1000
Spinter,2016-08-23,2016-08-30,0.105,0.124,0.172,0.066,0.051,0.063,0.047,0.033,0,0.03,0,0.02,,,0,0,0,0.282,1012
Vilmorus,2016-09-02,2016-09-10,0.092,0.126,0.16,0.051,0.048,0.027,0.02,0.047,0,0.016,0,0.015,,0.002,0,0,0,0.363,1000
Spinter,2016-09-19,2016-09-27,0.137,0.14,0.156,0.052,0.049,0.05,0.042,0.046,0,0.025,0,,,,0,0,0,0.278,1000
Baltijos tyrimai,2016-09-16,2016-09-30,0.13,0.1,0.16,0.07,0.07,0.05,0.04,0.04,0,,0,,,,0,0,0,0.34,1000
VRK,2016-10-09,2016-10-09,0.109865878328535,0.109004130583217,0.0730107525598919,0.0237089988813584,0.0269686879761335,0.0458754414617978,0.0277612413939555,0.0306658124746238,0,0.0108460120008415,0,0.0098331502069666,0.0087351873436417,0.00139104458381402,0,0,0,0.49359813286663,2514657
Spinter,2016-11-18,2016-11-25,0.122,0.268,0.104,0.016,0.052,0.092,,0.027,0,,0,,,,0,0,0,0.319,1015
Baltijos tyrimai,2016-11-24,2016-12-04,0.12,0.36,0.1,,0.035,0.07,,,0,,0,,,,0,0,0,,1000
Vilmorus,2016-12-02,2016-12-10,0.118,0.315,0.078,0.02,0.032,0.043,0.036,0.028,0,,0,0.016,0.006,,0,0,0,0.307,1000
Spinter,2016-12-12,2016-12-20,0.12,0.307,0.089,0.018,0.043,0.057,,,0,,0,,,,0,0,0,0.366,1007
Vilmorus,2017-01-12,2017-01-22,0.104,0.25,0.099,0.02,0.022,0.05,0.022,0.03,0,,0,0.016,0.014,,0,0,0,0.373,1000
Spinter,2017-01-17,2017-01-25,0.134,0.265,0.102,0.02,0.03,0.061,,,0,,0,,,,0,0,0,0.388,1010
Vilmorus,2017-02-10,2017-02-15,0.121,0.236,0.096,0.033,0.027,0.043,0.027,0.026,0,,0,0.017,0.006,,0,0,0,0.334,1000
Spinter,2017-02-17,2017-02-24,0.129,0.219,0.077,0.018,0.031,0.064,0.039,,0,,0,0.026,,,0,0,0,0.33,1011
RAIT,2017-02-09,2017-02-26,0.14,0.29,0.09,0.03,0.03,0.07,0.02,,0,0.01,0,,,,0,0,0,0.28,1020
Baltijos tyrimai,2017-02-17,2017-02-27,0.122,0.206,0.11,0.019,0.053,0.082,0.04,0.022,0,0.019,0,,,,0,0,0,0.326,1016
Vilmorus,2017-03-08,2017-03-12,0.136,0.217,0.078,0.023,0.025,0.051,0.03,0.029,0,,0,0.015,0.007,,0,0,0,0.389,1000
Baltijos tyrimai,2017-03-09,2017-03-19,0.123192,0.210888,0.114144,0.02088,0.041064,0.089784,0.048024,0.029928,0,0.016008,0,,,,0,0,0,0.306088,1000
RAIT,2017-03-10,2017-03-26,0.1,0.26,0.09,0.02,0.03,0.09,0.02,,0,0.02,0,0.017,,,0,0,0,0.31,853
Spinter,2017-03-16,2017-03-31,0.112,0.224,0.072,0.013,0.033,0.07,0.036,,0,,0,0.033,,,0,0,0,0.352,1004
Vilmorus,2017-04-01,2017-04-09,0.141,0.211,0.107,0.018,0.036,0.056,0.019,0.03,0,,0,0.007,0.009,,0,0,0,0.366,1000
RAIT,2017-04-08,2017-04-25,0.14,0.26,0.1,0.03,0.03,0.08,0.02,,0,0.02,0,0.02,,,0,0,0,0.25,1021
Spinter,2017-04-19,2017-04-26,0.146,0.199,0.112,0.005,0.034,0.055,0.029,0.03,0,,0,0.021,,,0,0,0,0.339,1005
Vilmorus,2017-05-05,2017-05-13,0.134,0.172,0.09,0.016,0.038,0.045,0.026,0.033,0,,0,0.017,0.007,,0,0,0,0.422,1000
Spinter,2017-05-16,2017-05-30,0.131,0.19,0.116,0.017,0.045,0.065,,,0,,0,,,,0,0,0,0.436,1000
RAIT,2017-05-16,2017-05-30,0.15,0.22,0.08,0.02,0.06,0.08,0.02,0.03,0,0.02,0,,,,0,0,0,0.28,1000
Baltijos tyrimai,2017-05-25,2017-06-07,0.1,0.13,0.13,0.03,0.07,0.06,0.05,0.03,0,0.01,0,,,,0,0,0,0.41,1000
Vilmorus,2017-06-02,2017-06-10,0.155,0.157,0.107,0.019,0.039,0.05,0.027,0.036,0,,0,0.01,0.006,,0,0,0,0.394,1000
Baltijos tyrimai,2017-06-13,2017-06-26,0.13,0.14,0.13,0.04,0.07,0.07,0.06,0.03,0,0.03,0,,,,0,0,0,0.31,1000
Spinter,2017-06-19,2017-06-26,0.156,0.178,0.128,0.016,0.06,0.075,0.047,0.033,0,,0,0.023,,,0,0,0,0.255,1012
RAIT,2017-06-09,2017-07-02,0.16,0.19,0.09,0.03,0.03,0.09,0.02,0.04,0,0.02,0,0.01,,,0,0,0,0.31,1010
Vilmorus,2017-06-30,2017-07-09,0.135,0.129,0.097,0.017,0.047,0.049,0.035,0.032,0,,0,0.02,0.007,,0,0,0,0.432,1000
Spinter,2017-07-17,2017-07-23,0.166,0.17,0.113,0.02,0.05,0.068,0.04,0.04,0,,0,0.03,,,0,0,0,0.25,1000
RAIT,2017-07-15,2017-07-27,0.17,0.16,0.12,,0.04,0.07,,0.04,0,,0,,,,0,0,0,0.4,1014
Spinter,2017-08-21,2017-08-28,0.163,0.159,0.113,0.02,0.053,0.07,0.04,0.03,0,,0,0.02,,,0,0,0,0.28,1000
RAIT,2017-08-17,2017-08-31,0.18,0.18,0.11,,0.04,0.09,,0.02,0,,0,,,,0,0,0,0.38,1000
Vilmorus,2017-09-08,2017-09-17,0.141,0.135,0.09,0.031,0.045,0.041,0.024,0.033,0,,0,0.018,0.008,,0,0,0,0.434,1000
RAIT,2017-09-16,2017-09-30,0.16,0.17,0.11,,0.04,0.09,,0.04,0,,0,,,,0,0,0,0.39,1000
Vilmorus,2017-10-06,2017-10-15,0.149,0.124,0.1,0.026,0.062,0.041,0.042,0.031,0,,0,0.015,0.011,,0,0,0,0.399,1000
RAIT,2017-10-14,2017-10-29,0.18,0.15,0.11,,0.04,0.06,,0.04,0,,0,,,,0,0,0,0.42,1007
Baltijos tyrimai,2017-10-23,2017-11-06,0.156,0.145,0.098,0.016,0.047,0.041,0.047,0.024,0,0.027,0,,,,0,0,0,0.398,1000
Vilmorus,2017-11-10,2017-11-19,0.154,0.121,0.079,0.031,0.064,0.04,0.038,0.036,0,,0,0.013,0.008,,0,0,0,0.416,1000
Spinter,2017-11-16,2017-11-24,0.204,0.194,0.08,0.021,0.062,0.053,0.049,0.033,0,,0,,,,0,0,0,0.258,1005
RAIT,2017-11-13,2017-11-27,0.19,0.16,0.1,,0.04,0.05,,0.06,0,,0,,,,0,0,0,0.4,1000
Baltijos tyrimai,2017-11-20,2017-12-04,0.191,0.136,0.116,0.032,0.062,0.05,0.025,0.053,0,0.024,0,,,,0,0,0,0.31,1108
Vilmorus,2017-12-01,2017-12-10,0.163,0.134,0.081,0.025,0.056,0.041,0.031,0.041,0,,0,0.004,0.013,,0,0,0,0.411,1000
Spinter,2017-12-11,2017-12-19,0.187,0.149,0.093,0.02,0.075,0.049,0.045,0.052,0,,0,,,,0,0,0,0.293,1006
RAIT,2017-12-12,2017-12-21,0.18,0.19,0.1,,0.05,0.06,,0.06,0,,0,,,,0,0,0,0.36,1006
Vilmorus,2018-01-12,2018-01-21,0.178,0.139,0.083,0.027,0.084,0.04,0.023,0.019,0,,0,0.005,0.007,,0,0,0,0.395,1000
Vilmorus,2018-02-09,2018-02-18,0.168,0.135,0.076,0.043,0.07,0.053,0.034,0.026,0,,0,0.008,0.008,,0,0,0,0.379,1000
Spinter,2018-02-20,2018-02-27,0.173,0.154,0.082,,0.077,0.051,0.03,0.047,0,,0,,,,0,0,0,0.386,1000
Vilmorus,2018-03-02,2018-03-10,0.168,0.162,0.101,0.019,0.09,0.051,0.025,0.037,0,,0,0.006,0.01,,0,0,0,0.327,1000
Spinter,2018-03-22,2018-03-29,0.186,0.169,0.065,,0.075,0.058,0.04,0.033,0,,0.037,,,,0,0,0,0.337,1000
Vilmorus,2018-04-06,2018-04-15,0.176,0.119,0.049,0.029,0.072,0.047,0.027,0.04,0,,0.05,0.005,0.013,,0,0,0,0.373,1000
Spinter,2018-04-19,2018-04-26,0.173,0.152,0.052,0.017,0.074,0.07,0.045,0.03,0,,0.046,,,,0,0,0,0.341,1000
Baltijos tyrimai,2018-04-23,2018-04-30,0.164,0.112,0.063,0.041,0.059,0.053,0.031,0.03,0,0.021,0.044,,,,0,0,0,0.33,1000
Vilmorus,2018-05-04,2018-05-12,0.163,0.144,0.051,0.071,0.076,0.038,0.028,0.044,0,,0.064,,,,0,0,0,0.321,1000
Spinter,2018-05-22,2018-05-29,0.178,0.162,0.054,0.049,0.077,0.038,0.039,0.031,0,,0.049,,,,0,0,0,0.282,1000
Baltijos tyrimai,2018-05-28,2018-06-05,0.157,0.132,0.059,0.066,0.075,0.04,0.031,0.038,0,0.03,0.039,,,,0,0,0,0.33,1000
Vilmorus,2018-06-08,2018-06-17,0.166,0.149,0.053,0.067,0.062,0.02,0.027,0.031,0,,0.048,,,,0,0,0,0.377,1034
Spinter,2018-06-19,2018-06-27,0.171,0.154,0.078,0.067,0.082,0.046,0.04,0.029,0,,,,,,0,0,0,0.333,1000
Vilmorus,2018-07-05,2018-07-14,0.167,0.15,0.051,0.061,0.068,0.022,0.029,0.04,0,,0.035,,,,0,0,0,0.377,1000
Baltijos tyrimai,2018-07-16,2018-07-31,0.132,0.123,0.071,0.063,0.088,0.054,0.036,0.046,0,0.029,0.036,,,,0,0,0,0.316,1007
Baltijos tyrimai,2018-08-21,2018-08-31,0.161,0.147,0.087,0.047,0.071,0.058,0.031,0.051,0,0.036,0.035,,,,0,0,0,0.274,1001
Vilmorus,2018-09-07,2018-09-16,0.145,0.149,0.045,0.064,0.063,0.034,0.026,0.023,0,,0.045,,,,0,0,0,0.403,1000
Baltijos tyrimai,2018-09-24,2018-10-07,0.177,0.124,0.086,0.053,0.083,0.052,0.031,0.032,0,0.025,0.039,,,,0,0,0,0.295,1000
Vilmorus,2018-10-05,2018-10-14,0.169,0.131,0.072,0.048,0.083,0.025,0.031,0.025,0,,0.031,,,,0,0,0,0.376,1000
Spinter,2018-10-16,2018-10-30,0.19,0.152,0.062,0.046,0.092,0.034,0.043,0.034,0,,0.035,,,,0,0,0,0.261,1005
Baltijos tyrimai,2018-10-17,2018-10-31,0.16,0.123,0.087,0.051,0.075,0.05,0.037,0.038,0,0.012,0.046,,,,0,0,0,0.32,1000
Vilmorus,2018-11-09,2018-11-18,0.176,0.146,0.056,0.07,0.07,0.04,0.027,0.039,0,,0.028,,,,0,0,0,0.348,1000
Baltijos tyrimai,2018-11-09,2018-11-26,0.202,0.152,0.092,0.061,0.073,0.029,0.03,0.041,0,0.013,0.041,,,,0,0,0,0.265,1000
Vilmorus,2018-12-01,2018-12-09,0.183,0.148,0.057,0.069,0.066,0.024,0.025,0.037,0,,0.024,,,,0,0,0,0.367,1000
Vilmorus,2019-01-11,2019-01-20,0.146,0.157,0.06,0.052,0.053,0.028,0.022,0.028,0,,0.026,,,,0,0,0,0.428,1000
Spinter,2019-01-15,2019-01-26,0.183,0.155,0.076,0.048,0.057,0.031,0.045,0.022,0,,,,,,0,0,0,0.309,1011
Baltijos tyrimai,2019-01-23,2019-02-03,0.185,0.168,0.098,0.063,0.092,0.048,0.023,0.037,0,,0.028,,,,0,0,0,0.258,1000
Vilmorus,2019-02-08,2019-02-17,0.189,0.166,0.049,0.048,0.043,0.035,0.021,0.024,0,,0.022,,,,0,0,0,0.403,1000
Baltijos tyrimai,2019-02-15,2019-02-26,0.162,0.146,0.078,0.072,0.067,0.039,0.029,0.038,0,0.025,0.025,,,,0,0,0,0.319,1000
Spinter,2019-02-18,2019-02-28,0.211,0.171,0.074,0.056,0.044,0.04,0.045,0.02,0,,,,,,0,0,0,0.339,1006
Vilmorus,2019-03-07,2019-03-15,0.163,0.186,0.085,0.053,0.048,0.031,0.023,0.021,0,,0.041,,,,0,0,0,0.349,1000
Spinter,2019-03-18,2019-03-28,0.196,0.165,0.105,0.054,0.055,0.062,0.042,0.031,0,,,,,,0,0,0,0.229,1006
Baltijos tyrimai,2019-03-25,2019-04-10,0.165,0.171,0.107,0.06,0.036,0.033,0.03,0.027,0,0.025,0.035,,,,0,0,0,0.311,1000
Vilmorus,2019-04-04,2019-04-15,0.208,0.158,0.073,0.058,0.06,0.028,0.031,0.026,0,,0.028,,,,0,0,0,0.33,1000
Spinter,2019-04-20,2019-04-29,0.204,0.173,0.083,0.056,0.05,0.064,0.046,,0,,0.016,,,,0,0,0,0.271,1009
Spinter,2019-05-17,2019-05-25,0.2,0.17,0.088,0.059,0.052,0.071,0.042,,0,,0.027,,,,0,0,0,0.25,1008
Baltijos tyrimai,2019-05-24,2019-06-07,0.157,0.141,0.124,0.059,0.058,0.04,0.041,0.021,0,0.035,0.034,,,,0,0,0,0.29,1000
Vilmorus,2019-06-07,2019-06-15,0.17,0.15,0.081,0.068,0.059,0.029,0.031,0.014,0.022,,0.022,,,,0,0,0,0.348,1000
Spinter,2019-06-18,2019-06-27,0.202,0.137,0.105,0.052,0.049,0.046,0.035,0.022,0.035,,0.022,,,,0,0,0,0.249,1014
Baltijos tyrimai,2019-06-14,2019-06-28,0.149,0.134,0.126,0.051,0.058,0.053,0.034,0.022,0.003,,0.01,,,,0,0,0,0.337,1021
Vilmorus,2019-07-05,2019-07-13,0.155,0.122,0.071,0.081,0.057,0.026,0.024,0.012,0.028,,0.026,,,,0,0,0,0.395,1000
Spinter,2019-07-17,2019-07-26,0.182,0.115,0.095,0.053,0.049,0.05,0.032,0.021,0.03,,0.02,,,,0,0,0,0.306,1007
Baltijos tyrimai,2019-07-15,2019-07-29,0.14,0.121,0.128,0.057,0.069,0.047,0.035,0.027,0.024,0.023,0.018,,,,0,0,0,0.31,1000
Baltijos tyrimai,2019-08-26,2019-09-08,0.152,0.146,0.141,0.083,0.064,0.058,0.04,0.035,0.027,0.022,0.014,,,,0,0,0,0.217,1019
Vilmorus,2019-09-06,2019-09-14,0.144,0.146,0.084,0.073,0.044,0.032,0.021,0.024,0.018,,0.032,,,,0,0,0,0.38,1000
Spinter,2019-09-18,2019-09-27,0.192,0.146,0.09,0.05,0.039,0.052,0.03,0.023,0.033,,0.02,0.013,,,0,0,0,0.281,1012
Baltijos tyrimai,2019-09-21,2019-10-05,0.175,0.11,0.116,0.057,0.056,0.038,0.034,0.023,0.023,0.02,0.015,,,,0,0,0,0.333,1002
Vilmorus,2019-10-04,2019-10-13,0.156,0.111,0.068,0.054,0.048,0.046,0.018,0.027,0.022,,0.033,,,,0,0,0,0.415,1000
Spinter,2019-10-17,2019-10-28,0.18,0.102,0.069,0.055,0.05,0.063,0.032,0.029,0.035,,0.023,0.02,,,0,0,0,0.307,1008
Baltijos tyrimai,2019-10-15,2019-10-29,0.156,0.07,0.125,0.09,0.031,0.044,0.046,0.026,0.018,0.015,0.016,,,,0,0,0,0.363,1000
Vilmorus,2019-11-08,2019-11-16,0.169,0.111,0.082,0.081,0.044,0.049,0.021,0.028,0.019,,0.024,,,,0,0,0,0.37,1000
Baltijos tyrimai,2019-11-14,2019-11-27,0.173,0.083,0.13,0.091,0.034,0.039,0.039,0.021,0.022,0.03,0.024,,,,0,0,0,0.314,1000
Spinter,2019-11-19,2019-11-29,0.191,0.075,0.08,0.072,0.031,0.066,0.033,0.027,0.034,0.023,0.016,0.011,,,0,0,0,0.321,1010
Vilmorus,2019-11-29,2019-12-07,0.169,0.119,0.092,0.083,0.054,0.045,0.014,0.025,0.019,,0.024,,,,0,0,0,0.318,1000
Baltijos tyrimai,2019-12-10,2019-12-21,0.166,0.069,0.122,0.089,0.055,0.054,0.042,0.031,0.023,0.022,0.022,,,,0,0,0,0.302,1000
Vilmorus,2020-01-10,2020-01-18,0.165,0.113,0.089,0.06,0.043,0.032,0.017,0.028,0.013,,0.024,,,,0,0,0,0.388,1000
Spinter,2020-01-20,2020-01-28,0.181,0.098,0.077,0.067,0.033,0.062,0.03,0.025,0.039,0.025,0.02,,,,0,0,0,0.321,1000
Vilmorus,2020-02-07,2020-02-13,0.171,0.116,0.097,0.059,0.057,0.031,0.016,0.011,0.012,,0.023,,,,0,0,0,0.366,1000
Spinter,2020-02-18,2020-02-25,0.186,0.099,0.083,0.051,0.038,0.068,0.033,0.02,0.027,,0.029,,,,0,0,0,0.327,1012
Baltijos tyrimai,2020-02-13,2020-02-26,0.178,0.11,0.114,0.067,0.049,0.085,0.037,0.019,0.03,0.021,0.023,,,,0,0,0,0.267,1000
Vilmorus,2020-03-06,2020-03-13,0.17,0.124,0.083,0.051,0.038,0.035,0.014,0.015,0.022,,0.025,,,,0,0,,0.397,1000
Spinter,2020-03-17,2020-03-30,0.19,0.095,0.077,0.041,0.023,0.046,0.032,,0.041,,0.023,,,,0,0,,0.369,1000
Spinter,2020-04-20,2020-04-30,0.174,0.127,0.09,0.042,,0.056,0.039,,0.028,,0.021,,,,0,0,,0.342,1011
OMD Snapshots,2020-06-01,2020-06-09,0.193,0.15,0.106,0.105,0.028,0.098,0.011,,0.078,0.037,0.041,,,,0,0,,0.106,1000
Vilmorus,2020-06-05,2020-06-13,0.143,0.134,0.091,0.046,0.031,0.043,0.022,0.017,0.02,0,0.021,,,,0,0,,0.426,1000
Baltijos tyrimai,2020-06-15,2020-06-25,0.136,0.168,0.127,0.063,0.058,0.066,0.049,0.014,0.028,0,0.022,,,,0,0,,0.252,1000
Spinter,2020-06-18,2020-06-26,0.164,0.129,0.088,0.052,0.032,0.05,0.037,,0.04,0,,,,,0,0,,0.348,1000
Vilmorus,2020-07-10,2020-07-18,0.172,0.176,0.071,0.062,0.037,0.047,0.022,0.016,0.016,0,0.031,,,,0,0,,0.319,1021
Spinter,2020-07-16,2020-07-26,0.161,0.156,0.098,0.053,0.038,0.062,0.033,0.024,0.04,0,,,,,0,0,,0.295,1000
Baltijos tyrimai,2020-07-16,2020-07-30,0.129,0.152,0.094,0.074,0.056,0.066,0.032,0.019,0.027,0,0.02,,,,0,0,,0.327,1020
Spinter,2020-08-24,2020-09-04,0.153,0.137,0.089,0.061,0.032,0.042,0.032,0.023,0.048,0,0.026,,,,0,0,,0.294,1008
Baltijos tyrimai,2020-08-22,2020-09-04,0.138,0.143,0.133,0.083,0.054,0.06,0.029,0.029,0.029,0,0.006,,,,0,0,,0.289,1021
Vilmorus,2020-09-04,2020-09-12,0.149,0.151,0.085,0.084,0.038,0.055,0.025,0.019,0.025,0,0.03,0.012,,0.013,0,0,,0.269,1000
Spinter,2020-09-16,2020-09-26,0.145,0.141,0.084,0.072,0.036,0.067,0.035,0.022,0.045,0,0.022,,,,0,0,,0.266,1006
Baltijos tyrimai,2020-09-17,2020-09-27,0.12551,0.16324,0.09856,0.06391,0.05621,0.06391,0.04081,0.02156,0.02387,0,0.02233,0.00462,,0.00847,0,0,,0.29237,1006
VRK,2020-10-11,2020-10-11,0.117817637633548,0.0831745819909656,0.0440053838473188,0.0449823047521241,0.00945997960713213,0.0322412380244796,0.0229228529508219,0.0108543602571812,0.0428526904182003,0,0.015068832032264,0.00779014062615707,0,0.00536309639576811,0,0,0.0102118954055829,0.521904430199998,2457722
Baltijos tyrimai,2020-11-06,2020-11-30,0.155,0.13,0.064,0.072,0.029,0.088,0.032,0.017,0.077,0,0.013,,,,0,0,,0.317,1000
Spinter,2020-12-10,2020-12-20,0.168,0.142,0.056,0.058,,0.087,0.033,,0.084,0,,,,,0,0,,0.28,1007
Spinter,2021-01-18,2021-01-27,0.189,0.112,0.059,0.042,0.017,0.088,0.029,,0.082,0,,,,,0,0,,0.304,1013
Spinter,2021-02-17,2021-02-26,0.178,0.127,0.045,0.04,0.03,0.09,0.031,,0.082,0,,,,,0,0,,0.305,1014
Spinter,2021-03-17,2021-03-23,0.158,0.142,0.058,0.05,0.02,0.086,0.026,,0.066,0,,,,,0,0,,0.328,1011
Vilmorus,2021-04-08,2021-04-17,0.17,0.154,0.068,0.039,,0.053,0.006,,0.04,0,0.041,,,,0,0,,0.418,1001
Spinter,2021-04-19,2021-04-28,0.156,0.152,0.054,0.049,,0.079,0.024,,0.059,0,,,,,0,0,,0.311,1006
Baltijos tyrimai,2021-04-22,2021-05-05,0.115,0.146,0.133,0.079,0.034,0.086,0.033,,0.036,0,,,,,0,0,,0.337,1100
Vilmorus,2021-05-11,2021-05-21,0.148,0.162,0.102,0.044,,0.062,0.013,,0.035,0,0.031,,,,0,0,,0.395,1004
Spinter,2021-05-18,2021-05-28,0.152,0.145,0.072,0.05,,0.083,0.018,,0.057,0,,,,,0,0,,0.34,1010
Vilmorus,2021-06-09,2021-06-18,0.118,0.151,0.133,0.052,,0.06,0.008,,0.029,0,0.02,,,,0,0,,0.4,1000
Spinter,2021-06-17,2021-06-28,0.135,0.148,0.099,0.041,,0.071,0.018,,0.055,0,,,,,0,0,,0.353,1003
Vilmorus,2021-07-29,2021-08-05,0.131,0.156,0.159,0.059,,0.055,0.018,,0.03,0,0.027,,,,0,0,,0.315,1000
Baltijos tyrimai,2021-08-20,2021-08-31,0.111,0.122,0.183,0.052,0.061,0.064,0.039,,0.035,0,0.018,,,,0,0,,0.293,1006
Spinter,2021-08-24,2021-08-31,0.121,0.111,0.119,0.053,,0.07,,,0.053,0,0.029,,,,0,0,,0.362,1014
Vilmorus,2021-09-09,2021-09-16,0.129,0.104,0.177,0.056,,0.06,0.012,,0.018,0,0.015,,,,0,0,,0.403,1003
Spinter,2021-09-17,2021-09-26,0.12,0.089,0.137,0.061,0.018,0.079,,,0.052,0,0.02,,,,0,0,,0.354,1009
Baltijos tyrimai,2021-09-17,2021-10-03,0.105,0.102,0.174,0.053,0.069,0.076,0.023,0.018,0.028,0,0.018,,,,0,0,,0.323,1004
Vilmorus,2021-10-15,2021-10-22,0.097,0.094,0.168,0.057,,0.063,0.013,,0.027,0,0.03,,,,0,0,,0.418,1000
Spinter,2021-10-18,2021-10-28,0.116,0.088,0.13,0.065,0.029,0.076,,,0.049,0,,,,,0,0,,0.335,1015
Baltijos tyrimai,2021-10-15,2021-11-05,0.092,0.092,0.174,0.067,0.068,0.071,0.028,0.015,0.02,0,0.013,,,,0,0,,0.348,1009
Vilmorus,2021-11-18,2021-11-27,0.115,0.105,0.163,0.052,,0.056,0.019,,0.028,0,0.027,,,,0,0,,0.403,1000
Spinter,2021-11-11,2021-11-28,0.11,0.089,0.129,0.06,0.033,0.06,,,0.053,0,0.02,,,,0,0,,0.334,1015
Baltijos tyrimai,2021-11-16,2021-12-02,0.106,0.101,0.163,0.06,0.074,0.083,0.027,0.01,0.03,0,0.011,,,,0,0,,0.315,1009
Vilmorus,2021-12-10,2021-12-18,0.101,0.079,0.185,0.057,,0.063,0.007,,0.022,0,0.032,,,,0,0,,0.422,1000
Spinter,2021-12-13,2021-12-25,0.108,0.067,0.109,0.042,0.036,0.072,,,0.047,0,,,,,0.072,0,,0.365,1012
Spinter,2022-01-17,2022-01-29,0.116,0.077,0.102,0.06,0.04,0.066,,,0.054,0,,,,,0.082,0,,0.313,1010
Vilmorus,2022-02-03,2022-02-08,0.089,0.07,0.156,0.05,,0.045,0.009,,0.019,0,0.021,,,,0.103,0,,0.422,1000
Baltijos tyrimai,2022-01-24,2022-02-04,0.081,0.087,0.159,0.086,0.08,0.067,0.03,0.009,0.029,0,0.014,,,,,0,,0.327,1022
Spinter,2022-02-17,2022-02-25,0.12,0.067,0.122,0.065,0.041,0.06,,,0.045,0,,,,,0.087,0,,0.305,1010
Baltijos tyrimai,2022-02-22,2022-03-03,0.117,0.061,0.12,0.062,0.062,0.067,0.026,0.005,0.029,0,0.01,0.006,,,0.137,0,,0.296,1017
Vilmorus,2022-03-10,2022-03-19,0.118,0.067,0.143,0.043,,0.051,0.008,0.022,0.014,0,0.025,,,,0.123,0,,0.379,1005
Spinter,2022-03-17,2022-03-25,0.131,0.066,0.102,0.042,0.047,0.06,,,0.037,0,,,,,0.107,0,,0.323,1007
Baltijos tyrimai,2022-03-10,2022-03-24,0.093,0.053,0.126,0.054,0.069,0.075,0.035,0.006,0.03,0,0.01,,,,0.132,0,,0.301,1000
Spinter,2022-04-20,2022-04-28,0.136,0.069,0.094,0.041,0.043,0.063,,,0.044,0,,,,,0.1,0,,0.325,1007
Baltijos tyrimai,2022-04-13,2022-04-28,0.1,0.045,0.128,0.043,0.072,0.064,0.026,0.01,0.02,0,0.007,0.008,,,0.148,0,,0.328,1009
Vilmorus,2022-05-12,2022-05-18,0.121,0.055,0.157,0.037,,0.053,0.01,0.015,0.026,0,0.015,,,,0.116,0,,0.392,1001
Baltijos tyrimai,2022-05-16,2022-05-28,0.104,0.049,0.115,0.046,0.072,0.057,0.019,0.02,0.025,0,0.017,0.009,,,0.141,0,,0.326,1021
Spinter,2022-05-18,2022-05-27,0.135,0.057,0.124,0.034,0.045,0.054,,,0.043,0,,,,,0.085,0,,0.336,1013
Vilmorus,2022-06-09,2022-06-18,0.117,0.074,0.145,0.03,0.052,0.049,0.007,0.014,0.027,0,0.028,,,,0.095,0,,0.355,1003
Spinter,2022-06-18,2022-06-28,0.134,0.065,0.112,0.029,0.051,0.055,,,0.036,0,,,,,0.116,0,,0.32,1015
Baltijos tyrimai,2022-06-17,2022-06-28,0.097,0.067,0.114,0.048,0.045,0.057,0.013,0.01,0.021,0,0.011,0.008,,,0.132,0,,0.377,1000
Vilmorus,2022-07-15,2022-07-23,0.114,0.076,0.136,0.04,0.045,0.057,0.009,0.012,0.026,0,0.024,,,,0.106,0,,0.347,1003
Spinter,2022-07-18,2022-07-28,0.112,0.074,0.101,0.025,0.048,0.066,,,0.045,0,,,,,0.112,0,,0.322,1013
Baltijos tyrimai,2022-07-12,2022-07-28,0.113,0.053,0.143,0.047,0.091,0.071,0.024,0.013,0.018,0,0.016,0.003,,,0.121,0,,0.287,1021
Spinter,2022-08-24,2022-09-02,0.125,0.071,0.083,0.024,0.042,0.064,,,0.051,0,,,,,0.095,0,,0.348,1006
Baltijos tyrimai,2022-08-16,2022-08-27,0.096,0.067,0.117,0.041,0.056,0.06,0.017,0.011,0.02,0,0.014,0.01,,,0.129,0,,0.359,1000
Vilmorus,2022-09-15,2022-09-24,0.118,0.073,0.14,0.037,0.054,0.04,0.012,0.018,0.018,0,0.034,,,,0.077,0,,0.376,1000
Baltijos tyrimai,2022-09-16,2022-09-27,0.094,0.074,0.14,0.058,0.062,0.049,0.029,0.017,0.025,0,0.024,0.017,,,0.11,0,,0.301,1024
Spinter,2022-09-20,2022-09-30,0.12,0.065,0.113,0.037,0.048,0.062,,,0.039,0,,,,,0.065,0,,0.358,1010
Vilmorus,2022-10-11,2022-10-16,0.11,0.077,0.149,0.041,0.059,0.054,0.009,0.012,0.017,0,0.028,,,,0.072,0,,0.37,1002
Spinter,2022-10-18,2022-10-28,0.142,0.069,0.118,0.024,0.053,0.058,,,0.036,0,,,,,0.074,0,,0.338,1011
Baltijos tyrimai,2022-10-26,2022-11-08,0.113,0.089,0.127,0.058,0.058,0.054,0.019,0.016,0.027,0,0.023,0.017,,,0.116,0,,0.283,1021
Vilmorus,2022-11-10,2022-11-19,0.106,0.065,0.15,0.035,0.059,0.05,0.018,0.008,0.016,0,0.021,,,,0.081,0,,0.383,1002
Spinter,2022-11-18,2022-11-29,0.13,0.087,0.113,0.025,0.035,0.058,,,0.029,0,,,,,0.084,0,,0.319,1013
Vilmorus,2022-12-08,2022-12-15,0.097,0.074,0.145,0.035,0.02,0.054,0.011,0.011,0.021,0,0.016,,,,0.089,0,,0.421,1000
Baltijos tyrimai,2022-11-17,2022-12-02,0.081,0.075,0.107,0.048,0.057,0.063,0.02,0.014,0.025,0,0.017,0.016,,,0.125,0,,0.338,1015
Spinter,2022-12-15,2022-12-24,0.135,0.06,0.121,0.021,0.027,0.059,,,0.031,0,,,,,0.099,0,,0.321,1010
Spinter,2023-01-18,2023-01-27,0.114,0.091,0.122,0.032,0.021,0.062,,,0.047,0,,,,,0.12,0,,0.305,1015
Baltijos tyrimai,2023-01-19,2023-01-31,0.117,0.072,0.144,0.059,0.028,0.053,0.021,0.011,0.027,0,0.021,0.015,,,0.147,0,,0.259,1023
Vilmorus,2023-02-09,2023-02-18,0.1,0.093,0.152,0.032,0.024,0.033,0.011,0.015,0.032,0,0.022,,,,0.101,0,,0.379,1000
Spinter,2023-02-18,2023-02-27,0.115,0.085,0.118,0.038,0.027,0.054,,,0.04,0,,,,,0.096,0,,0.314,1012
Baltijos tyrimai,2023-02-15,2023-02-28,0.102,0.066,0.131,0.064,0.034,0.049,0.035,0.017,0.025,0,0.026,0.019,,,0.131,0,,0.285,1003
Vilmorus,2023-03-18,2023-03-25,0.097,0.09,0.181,0.028,0.027,0.046,0.013,0.021,0.025,0,0.018,,,,0.086,0,,0.359,1000
Spinter,2023-03-17,2023-03-27,0.118,0.086,0.129,0.022,0.044,0.068,,,0.042,0,,,,,0.082,0,,0.288,1016
Vilmorus,2023-04-14,2023-04-22,0.099,0.083,0.182,0.025,0.021,0.051,0.015,0.017,0.026,0,0.023,,,,0.082,0,,0.369,1000
Spinter,2023-04-18,2023-04-27,0.12,0.099,0.17,0.02,0.028,0.071,,,0.028,0,,,,,0.073,0,,0.279,1014
Baltijos tyrimai,2023-04-20,2023-05-05,0.113,0.082,0.218,0.077,0.027,0.082,0.029,0.016,0.03,0,0.02,,,,0.145,0,,0.158,1026
Vilmorus,2023-05-17,2023-05-21,0.079,0.094,0.181,0.038,0.027,0.043,0.01,0.009,0.024,0,0.016,,,,0.082,0,,0.393,1000
Spinter,2023-05-19,2023-05-26,0.092,0.088,0.145,0.038,0.036,0.068,0.024,,0.039,0,,,,,0.066,0,,0.301,1009
Baltijos tyrimai,2023-05-12,2023-05-29,0.086,0.1,0.178,0.048,0.039,0.073,0.033,0.007,0.032,0,0.021,,,,0.147,0,,0.233,1009
Baltijos tyrimai,2023-06-14,2023-06-29,0.093,0.09,0.182,0.061,0.023,0.071,0.033,0.022,0.028,0,0.028,,,,0.146,0,,0.218,1020
Spinter,2023-06-19,2023-06-28,0.088,0.067,0.126,0.028,0.04,0.079,0.022,,0.048,0,,,,,0.078,0,,0.316,1012
Vilmorus,2023-07-12,2023-07-19,0.099,0.078,0.191,0.032,0.016,0.043,0.01,0.013,0.027,0,0.024,,,,0.076,0,,0.385,1003
Spinter,2023-07-20,2023-07-29,0.118,0.082,0.133,0.026,0.027,0.073,0.023,,0.029,0,,,,,0.084,0,,0.323,1009
Baltijos tyrimai,2023-08-24,2023-09-05,0.093,0.095,0.162,0.056,0.037,0.071,0.022,0.009,0.029,0,0.026,,,,0.14,0,,0.26,1016
Vilmorus,2023-09-14,2023-09-23,0.113,0.073,0.188,0.027,0.024,0.044,0.01,0.017,0.022,0,0.023,,,,0.055,0,,0.397,1003
Spinter,2023-09-18,2023-09-26,0.091,0.056,0.135,0.028,0.03,0.075,0.021,,0.034,0,,,,,0.053,0,,0.409,1013
Baltijos tyrimai,2023-09-22,2023-10-07,0.088,0.1,0.163,0.06,0.033,0.055,,,0.02,0,0.027,,,,0.102,0,,0.29,1000
Vilmorus,2023-10-12,2023-10-21,0.093,0.073,0.18,0.029,0.021,0.047,0.016,0.027,0.024,0,0.024,,,,0.075,0,,0.382,1003
Spinter,2023-10-17,2023-10-28,0.105,0.065,0.155,,0.022,0.074,0.034,,0.035,0,0.021,,,,0.055,0,,0.356,1011
Baltijos tyrimai,2023-10-23,2023-11-07,0.084,0.1,0.183,0.069,0.025,0.07,0.01,0.01,0.02,0,0.033,,,,0.096,0,,0.295,1013
Vilmorus,2023-11-09,2023-11-19,0.08,0.077,0.203,0.028,0.027,0.057,0.013,0.024,0.019,0,0.023,,,,0.067,0,,0.368,1000
Baltijos tyrimai,2023-11-16,2023-11-27,0.082,0.111,0.167,0.05,,0.06,0.02,0.02,0.02,0,0.041,,,,0.106,0,,0.287,1018
Spinter,2023-11-17,2023-11-29,0.097,0.08,0.138,,0.025,0.066,0.02,,0.033,0,0.026,,,,0.04,0,,0.369,1015
Vilmorus,2023-11-22,2023-12-02,0.077,0.076,0.199,0.036,,0.036,0.012,0.022,0.028,0,0.031,,,,0.075,0,,0.393,1000
Spinter,2023-12-15,2023-12-23,0.108,0.094,0.163,0.022,0.026,0.062,0.02,,0.053,0,0.02,,,,0.061,0,0.015,0.322,1012
Baltijos tyrimai,2023-12-15,2023-12-30,0.105,0.11,0.164,0.056,0.031,0.062,0.026,0.016,0.035,0,0.039,,,,0.134,0,,0.22,1017
Spinter,2024-01-19,2024-01-26,0.107,0.077,0.162,0.021,,0.058,,,0.04,0,,,,,0.069,0.042,0.021,0.293,1012
Baltijos tyrimai,2024-01-19,2024-01-29,0.093,0.106,0.172,0.057,0.032,0.045,0.019,,0.037,0,0.04,,,,0.106,0.021,,0.228,1021
Vilmorus,2024-02-08,2024-02-17,0.113,0.087,0.19,0.047,,0.045,0.011,,0.016,0,0.033,,,,0.087,,,0.359,1002
Spinter,2024-02-18,2024-02-25,0.107,0.07,0.149,0.032,,0.059,,,0.038,0,,,,,0.056,0.045,,0.304,1012
Baltijos tyrimai,2024-02-22,2024-03-05,0.098,0.087,0.178,0.045,0.025,0.035,0.025,,0.033,0,0.036,,,,0.118,0.035,,0.243,1021
Vilmorus,2024-03-15,2024-03-23,0.074,0.099,0.203,0.047,,0.063,0.016,,0.028,0,0.035,,,,0.096,,,0.332,1001
Baltijos tyrimai,2024-03-15,2024-03-25,0.089,0.116,0.174,0.056,0.021,0.049,0.021,,0.02,0,0.039,,,,0.091,0.044,,0.251,1115
Spinter,2024-03-18,2024-03-28,0.093,0.077,0.143,0.025,,0.065,,,0.05,0,,,,,0.053,0.038,0.027,0.323,1009
Baltijos tyrimai,2024-04-10,2024-04-21,0.1,0.104,0.178,0.057,0.021,0.054,0.021,0.004,0.029,0,0.03,0.011,,,0.098,0.043,0.01,0.239,1020
Spinter,2024-04-17,2024-04-25,0.106,0.066,0.14,0.022,,0.068,,,0.035,0,,,,,0.058,0.051,0.02,0.315,1018
Baltijos tyrimai,2024-05-16,2024-05-25,0.103,0.096,0.172,0.061,0.019,0.034,0.026,0.015,0.026,0,0.042,0.006,,,0.082,0.075,0.009,0.233,1027
Spinter,2024-05-17,2024-05-26,0.112,0.063,0.132,0.02,,0.063,,,0.043,0,,,,,0.062,0.089,0.02,0.317,1016
Spinter,2024-06-18,2024-06-28,0.101,0.057,0.138,0.021,,0.059,,,0.039,0,,,,,0.058,0.087,,0.351,1013
Baltijos tyrimai,2024-06-21,2024-07-07,0.095,0.078,0.18,0.036,0.013,0.058,0.022,0.019,0.026,0,0.039,0.01,,,0.111,0.076,0.011,0.225,1005
Vilmorus,2024-07-11,2024-07-21,0.1,0.089,0.17,0.028,,0.046,0.011,,0.028,0,0.031,,,,0.066,0.064,,0.355,1000
Spinter,2024-07-19,2024-07-29,0.101,0.08,0.129,0.021,,0.064,,,0.032,0,,,,,0.071,0.102,,0.293,1007
Baltijos tyrimai,2024-08-07,2024-08-19,0.09,0.083,0.157,0.055,0.014,0.041,0.019,0.014,0.024,0,0.031,0.01,,,0.092,0.08,0.007,0.282,1018
Baltijos tyrimai,2024-09-06,2024-09-20,0.151,0.103,0.201,0.018,0.011,0.051,0.015,0.012,0.027,0,0.048,0.018,,,0.125,0.105,0.014,0.094,1004
Vilmorus,2024-09-13,2024-09-21,0.092,0.063,0.183,0.019,0.012,0.052,0.013,0.005,0.023,0,0.028,0.008,,,0.066,0.116,0.008,0.307,1000
Spinter,2024-09-16,2024-09-25,0.116,0.065,0.155,,,0.063,,,0.045,0,,0.024,,,0.052,0.103,0.02,0.289,1008
VRK,2024-10-13,2024-10-13,0.0939561342879958,0.0366445112499413,0.100866560866443,0.0114755775954047,0.00392850432483576,0.0402068808170551,0.0202519074236863,0.00722120075424599,0.023645259456594,0,0.00987557289814324,0.0088082041027224,,,0.0481435751528288,0.0781360092066325,0.0149834253772908,0.48809495849634,2384368
Baltijos tyrimai,2024-10-30,2024-11-12,0.099,0.075,0.139,0.025,0.014,0.051,0.02,0.002,0.022,0,0.018,0.011,,,0.104,0.15,0.008,0.26,1019
Vilmorus,2024-11-07,2024-11-16,0.081,0.066,0.167,,0.013,0.093,0.015,,,0,,,,,0.074,0.142,0.021,0.313,1000
Baltijos tyrimai,2024-11-20,2024-12-01,0.108,0.067,0.18,0.026,0.023,0.038,0.028,0.002,0.017,0,0.027,0.011,,,0.117,0.135,0.008,0.21,1018
Spinter,2024-12-13,2024-12-20,0.122,0.065,0.13,,,0.081,,,0.023,0,,,,,0.078,0.126,0.017,0.295,1016
Spinter,2025-01-18,2025-01-29,0.106,0.061,0.109,,,0.079,,,0.028,0,,,,,0.082,0.087,0.022,0.332,1009
Baltijos tyrimai,2025-01-25,2025-02-08,0.083,0.075,0.16,0.031,0.014,0.038,0.014,,0.015,0,0.015,0.013,,,0.127,0.123,0.01,0.278,1019
Vilmorus,2025-02-14,2025-02-23,0.096,0.076,0.147,,,0.06,,,,0,,,,,0.108,0.144,,0.335,1000
Spinter,2025-02-17,2025-02-27,0.11,0.068,0.123,,,0.065,,,0.03,0,,,,,0.087,0.089,,0.31,1015
Baltijos tyrimai,2025-03-08,2025-03-24,0.117,0.064,0.169,0.037,0.021,0.056,0.023,,0.017,0,0.016,0.013,,,0.115,0.101,0.009,0.233,1020
Spinter,2025-03-18,2025-03-28,0.125,0.07,0.127,,,0.067,0.018,,0.036,0,,,,,0.077,0.071,0.022,0.319,1012
Baltijos tyrimai,2025-04-05,2025-04-19,0.106,0.093,0.153,0.035,,0.053,0.034,,0.02,0,0.025,,,,0.127,0.106,0.011,0.237,1015
Vilmorus,2025-04-17,2025-04-28,0.107,0.061,0.149,,,0.049,,,,0,,,,,0.097,0.113,,0.398,1000
Spinter,2025-04-18,2025-04-29,0.127,0.069,0.145,,,0.062,0.02,,0.027,0,,,,,0.093,0.065,,0.3,1019
Vilmorus,2025-05-02,2025-05-12,0.095,0.061,0.147,,,0.064,,,,0,,,,,0.116,0.075,,0.419,1000
Spinter,2025-05-18,2025-05-26,0.125,0.054,0.135,,,0.063,0.021,,0.02,0,,,,,0.075,0.055,,0.36,1015
Baltijos tyrimai,2025-05-23,2025-06-05,0.103,0.103,0.143,0.041,,0.068,0.03,,0.031,0,0.02,,,,0.11,0.066,0.014,0.269,1022
Vilmorus,2025-06-11,2025-06-22,0.104,0.074,0.146,,,0.072,,,,0,,,,,0.105,0.093,,0.387,1000
Spinter,2025-06-19,2025-06-29,0.117,0.052,0.112,,,0.091,0.031,,0.037,0,,,,,0.071,0.048,,0.34,1019
Spinter,2025-07-18,2025-07-25,0.13,0.061,0.102,,,0.069,0.025,,0.041,0,,,,,0.093,0.034,0.017,0.341,1009
Baltijos tyrimai,2025-08-21,2025-09-02,0.116,0.097,0.166,0.028,,0.072,0.03,,0.034,0,0.022,,,,0.093,0.089,0.008,0.242,1006
Vilmorus,2025-09-04,2025-09-13,0.128,0.072,0.151,,,0.054,,,,0,,,,,0.085,0.109,,0.381,1000
Spinter,2025-09-17,2025-09-27,0.145,0.069,0.105,,,0.065,0.02,,0.036,0,,,,,0.071,0.085,0.021,0.332,1017
Baltijos tyrimai,2025-09-24,2025-10-09,0.133,0.091,0.143,0.024,,0.054,0.026,,0.02,0,,,,,0.103,0.088,,0.285,1004
Spinter,2025-10-17,2025-10-27,0.145,0.065,0.126,,,0.056,0.02,,0.038,0,,,,,0.089,0.056,0.02,0.336,1015
Baltijos tyrimai,2025-10-16,2025-10-28,0.111,0.105,0.118,0.032,,0.07,0.031,,0.024,0,,,,,0.105,0.085,,0.272,1019
Vilmorus,2025-11-06,2025-11-16,0.137,0.074,0.12,,,0.053,,,,0,,,,,0.093,0.1,,0.402,1000
Baltijos tyrimai,2025-11-11,2025-11-29,0.121,0.099,0.123,0.031,,0.056,0.032,,0.025,0,,,,,0.115,0.088,,0.274,1002
Spinter,2025-11-17,2025-11-28,0.137,0.07,0.09,,,0.057,,,0.04,0,,,,,0.082,0.054,0.025,0.37,1000
Baltijos tyrimai,2025-12-11,2025-12-29,0.11,0.1,0.132,0.02,,0.058,0.032,,0.02,0,,,,,0.131,0.105,,0.26,1015
Vilmorus,2025-12-12,2025-12-30,0.129,0.072,0.114,,,0.066,,,,0,,,,,0.082,0.1,,0.403,1000
Spinter,2025-12-13,2025-12-22,0.153,0.057,0.086,,,0.068,,,0.046,0,,,,,0.059,0.057,0.023,0.378,1000
Baltijos tyrimai,2026-01-08,2026-01-24,0.116,0.103,0.125,0.026,,0.066,0.022,,0.02,0,,,,,0.099,0.095,,0.295,1063
Spinter,2026-01-19,2026-01-29,0.133,0.076,0.073,0.022,,0.073,,,0.043,0,,,,,0.071,0.075,0.021,0.349,1015
Spinter,2026-02-18,2026-02-28,0.136,0.06,0.071,,,0.083,,,0.025,0,,,,,0.042,0.072,0.032,0.378,1015
Baltijos tyrimai,2026-02-19,2026-03-02,0.113,0.094,0.126,0.038,,0.059,0.029,,0.023,0,,,,,0.087,0.093,,0.288,1014
Spinter,2026-03-18,2026-03-28,0.151,0.055,0.088,,,0.088,,,0.035,0,,,,,0.048,0.059,0.031,0.352,1013
Baltijos tyrimai,2026-03-19,2026-03-30,0.14,0.098,0.133,0.038,,0.06,0.029,,0.021,0,0.02,,,,0.094,0.097,0.03,0.236,1009
